<?xml version="1.0" encoding="UTF-8"?>
<beans xmlns="http://www.springframework.org/schema/beans"
	xmlns:xsi="http://www.w3.org/2001/XMLSchema-instance"
	xmlns:p="http://www.springframework.org/schema/p"
	xmlns:context="http://www.springframework.org/schema/context"
	xsi:schemaLocation="
        http://www.springframework.org/schema/beans 
        http://www.springframework.org/schema/beans/spring-beans-3.0.xsd
        http://www.springframework.org/schema/context 
        http://www.springframework.org/schema/context/spring-context-3.0.xsd">

	<context:component-scan
		base-package="org.springframework.samples.petclinic.web" />


	<!-- 이곳이 프론트데스크 -->
	<!-- ※ 사용자 정의 Controller 객체 등록 및 URL 매핑 주소 등록 -->
	<!--    - 『name=""』 속성에 URL 매핑 주소를 등록한다. -->
	<!--      이 과정에서 Front Controller 가 갖고 있는 확장자의 형태로 구성한다. -->
	<!-- 	- 『class=""』 속성은 Controller 객체의 클래스 경로 및 이름을 등록한다.  -->
	
	<!--======================================
		#17. dispatcher-servlet.xml
		- 컨트롤러 객체 등록 
		- URL 매핑 주소 등록
	   	- SimpleDriverDataSource 객체 등록
	   	- 의존 객체 주입 설정
	   	- DAO 객체 등록
	=======================================-->
	
	<!-- Connection 을 위한 DataSource 등록 → SimpleDriverDataSource -->
	<bean id="localDataSource" class="org.springframework.jdbc.datasource.SimpleDriverDataSource">
		<property name="driverClass" value="oracle.jdbc.driver.OracleDriver"></property>
		<property name="url" value="jdbc:oracle:@localhost:1521:xe"></property>
		<property name="username" value="scott"></property>
		<property name="password" value="tiger"></property>
	</bean>
	
	<bean id="remoteDataSource" class="org.springframework.jdbc.datasource.SimpleDriverDataSource">
		<property name="driverClass" value="oracle.jdbc.driver.OracleDriver"></property>
		<property name="url" value="jdbc:oracle:thin:@211.238.142.161:1521:xe"></property>
		<property name="username" value="scott"></property>
		<property name="password" value="tiger"></property>
	</bean>
	
	<!-- DAO 등록 -->
	<bean id="employeeDAO" class="com.test.mvc.EmployeeDAO">
		<property name="dataSource">
			<ref bean="remoteDataSource" />
		</property>
	</bean>
	
	<bean id="departmentDAO" class="com.test.mvc.DepartmentDAO">
		<property name="dataSource">
			<ref bean="remoteDataSource"/>
		</property>
	</bean>
	
	<bean id="regionDAO" class="com.test.mvc.RegionDAO">
		<property name="dataSource">
			<ref bean="remoteDataSource"/>
		</property>
	</bean>
	
	<bean id="positionDAO" class="com.test.mvc.PositionDAO">
		<property name="dataSource">
			<ref bean="remoteDataSource"/>
		</property>
	</bean>
	
	<!-- Ajax 관련 Controller 등록 -->
	<bean name="/ajax.action" class="com.test.mvc.AjaxController">
		<property name="dao" ref="employeeDAO"></property>
	</bean>
	
	
	<!-- Employee 관련 Controller 등록 -->
	<bean name="/employeelist.action" class="com.test.mvc.EmployeeListController">
		<property name="dao" ref="employeeDAO"></property>
	</bean>
	
	<bean name="/employeeinsertform.action" class="com.test.mvc.EmployeeInsertFormController">
		<property name="dao" ref="employeeDAO"></property>
	</bean>
	
	
	
	
</beans>